{"cameraMode":{"drawMode":0,"name":"Shaded","section":"Shading Mode"},"sceneLighting":false,"audioPlay":false,"sceneViewState":{"showFog":true,"showMaterialUpdate":false,"showSkybox":true,"showFlares":true,"showImageEffects":true,"showParticleSystems":true},"in2DMode":false,"pivot":{"x":-1.1999998092651368,"y":1.373000144958496,"z":-26.25},"rotation":{"x":0.19249968230724336,"y":-0.6817213296890259,"z":0.19330880045890809,"w":0.678853452205658},"size":2.692582368850708,"orthographic":false}